Clipper Cuts,+31557612572,Solomon Islands,28240₽,map
Elegant Ensembles,+32681528725,Cuba,73383₽,cell
Smart Styles,+38125194940,Antigua and Barbuda,53585₽,marriage
Makeup Maven,+29116943078,Burundi,44611₽,newspaper
Elegant Ensembles,+35813428063,Macedonia,89043₽,injury
Beauty Bar,+57469449205,Dominica,15931₽,organization
Chic Boutique,+67209927751,Liberia,45773₽,perception
Classy Collections,+94184637557,Equatorial Guinea,61502₽,language
Stylish Silhouettes,+39868142442,Vatican City (Holy See),41307₽,cell
Trendy Threads,+82524126487,Brazil,31518₽,context
Lash Lounge,+43817255988,Iraq,29538₽,county
Body Bliss,+19126257850,Panama,56775₽,selection
Sophisticated Sewing,+56726937571,Ethiopia,10551₽,republic
Nail Nook,+3661952058,Bhutan,47827₽,republic
Sophisticated Sewing,+5075937903,Burundi,60943₽,development
Clipper Cuts,+9774780424,Austria,99456₽,advertising
Crisp Creations,+24639414637,Malta,30143₽,refrigerator
Modern Maven,+8090199527,Russia,26770₽,marriage
Wellness World,+58714088213,Syria,89176₽,height
Crisp Creations,+50174141620,Tuvalu,70921₽,indication
Refined Rags,+43195445474,Jordan,83527₽,concept
Fashion Fusion,+4350165479,Monaco,78261₽,entry
Elite Elegance,+46796307563,Lesotho,44069₽,enthusiasm
Stellar Stitches,+14391239147,Rwanda,14598₽,buyer
Classy Chic,+4710078093,Ethiopia,38601₽,truth
Chic Couture,+0809216244,Switzerland,56965₽,departure
Dapper Designs,+5263630856,Venezuela,76754₽,death
Brow Boosters,+3056277118,Liechtenstein,87287₽,oven
Brow Boosters,+96778679860,Equatorial Guinea,79699₽,tennis
Smart Styles,+26507065448,Kazakhstan,54298₽,death
Makeup Maven,+67897765764,San Marino,53112₽,signature
Sophisticated Sewing,+82511510516,Armenia,12187₽,basket
Smart Styles,+96798089385,Ethiopia,66856₽,office
Glow Getter,+88390911473,Australia,31669₽,perception
Nail Nook,+20701880672,Gabon,55138₽,family
Urban Upmarket,+42502321873,Guinea,49323₽,nature
Modish Mannequins,+11799544050,Ireland,53307₽,woman
Lash Lounge,+81634554465,Cyprus,33235₽,refrigerator
Beauty Bar,+97588981845,Philippines,37956₽,secretary
Stellar Stitches,+21359846562,Myanmar (Burma),30328₽,emphasis
Modern Maven,+29820379422,Brazil,37182₽,cigarette
Stellar Stitches,+76825584716,Chile,31993₽,definition
Stylish Silhouettes,+31758757954,Equatorial Guinea,87981₽,tennis
Sleek Styles,+6797654214,Rwanda,61722₽,death
Modern Maven,+68851449540,Japan,58017₽,distribution
Trendy Threads,+51706156719,The Bahamas,50190₽,signature
Glow Getter,+4128986706,Ecuador,55525₽,breath
Sleek Styles,+5359682236,Sierra Leone,31037₽,basket
Fine Fabrics,+38287074631,Liberia,42078₽,contract
Modern Maven,+46746001411,Rwanda,98562₽,revenue
Elegant Ensembles,+12854306868,Honduras,30153₽,distribution
Fashion Fusion,+70417754866,United States of America,88928₽,library
Urban Upmarket,+80325601137,Lithuania,27066₽,proposal
Stellar Stitches,+11619291806,Netherlands,59217₽,buyer
Chic Boutique,+86273038945,Vietnam,89275₽,topic
Elegant Ensembles,+13613394637,Indonesia,25508₽,construction
Stylish Silhouettes,+31409512684,Myanmar (Burma),32750₽,thanks
Makeup Maven,+2415234272,Vanuatu,98715₽,signature
Glamour Galore,+19477597116,Belarus,17165₽,explanation
Urban Upmarket,+22232186555,Turkmenistan,39990₽,development
Dapper Designs,+59765547825,East Timor (Timor-Leste),43612₽,ladder
Lash Lounge,+76232509986,Nauru,75322₽,explanation
Skin Studio,+52611998385,Argentina,67189₽,development
Beauty Bar,+50622430255,Niger,26787₽,hat
Sophisticated Sewing,+54418252791,Sweden,18070₽,drama
Refined Rags,+59286732729,Australia,17097₽,ladder
Skin Studio,+13458702471,Belarus,99876₽,drawer
Crisp Creations,+80659971071,Mauritius,19565₽,affair
Posh Patterns,+27443718492,Monaco,63344₽,awareness
Stylish Silhouettes,+7374657971,Guinea-Bissau,51110₽,definition
Posh Patterns,+8593084608,Palau,86967₽,data
Trendy Threads,+2634144795,Sri Lanka,18903₽,administration
Stellar Stitches,+68335115300,Denmark,88125₽,indication
Haute Hues,+28516052400,Portugal,42732₽,library
Nail Nook,+94828258068,The Bahamas,61352₽,administration
Haute Hues,+25274011401,South Africa,83922₽,contribution
Posh Patterns,+71266756468,Guatemala,82671₽,development
Classy Chic,+17351729759,Solomon Islands,20391₽,height
Sleek Styles,+49589357440,"Congo, Democratic Republic of the",84119₽,elevator
Skin Studio,+6568326638,Vietnam,26457₽,signature
Body Bliss,+27278640408,Canada,94385₽,revenue
Makeup Maven,+48359113984,Sudan,90556₽,thanks
Crisp Creations,+52523549173,Venezuela,31417₽,definition
Haute Hues,+29429173438,Brazil,15656₽,signature
Chic Couture,+19613986966,Kosovo,39160₽,cell
Trendsetting Tailors,+54859418552,Liberia,96605₽,context
Classy Collections,+75760615369,Burkina Faso,95066₽,republic
Fashion Fusion,+91237596334,Poland,30557₽,cookie
Elite Elegance,+29816405480,Monaco,19087₽,preparation
Stellar Stitches,+3872447383,Venezuela,97390₽,refrigerator
Trendsetting Tailors,+32760038828,Colombia,31974₽,midnight
Classy Collections,+3910205022,Swaziland,21105₽,signature
Salon Suites,+45276723758,Afghanistan,70567₽,homework
Fashion Fusion,+67774577431,Russia,49055₽,ladder
Modern Maven,+32545042590,"Korea, North",18187₽,elevator
Modish Mannequins,+25653056948,Philippines,64927₽,construction
Skin Studio,+65860137592,Uzbekistan,77413₽,payment
Nail Nook,+43443809624,"Korea, South",41198₽,analyst
