name;method;param
delightful cranberry;remove;
elegant electrical;quantity_add;57
Canon PIXMA;available;True
beautiful glue;quantity_add;37
refined cranberry;available;True
tasteful kiwifruit;quantity_sub;-99
Canon PIXMA;quantity_add;3
magnificent hair mask;price_percent;-0.08
luxurious baseboard;price_abs;8
Samsung 970 EVO SSD;remove;
Canon PIXMA;available;False
nice saw;available;False
Ricoh Aficio MP;available;True
luxurious cherry;price_percent;-0.14
refined shampoo;price_percent;0.01
gorgeous scaffolding;available;True
Brother DCP-T510W;price_percent;-0.01
delightful moisturizer;price_abs;3
glamorous screws;remove;
Brother DCP-T510W;remove;
exquisite moisturizer;quantity_sub;-105
tasteful screws;quantity_add;55
EVGA 500B 80+ BRONZE;remove;
luxurious strawberry;quantity_sub;-34
refined cranberry;quantity_add;115
amazing tape measure;price_abs;3
superb trim;price_abs;1
luxurious flooring;price_percent;0.04
pretty boysenberry;price_percent;0.08
marvelous wheelbarrow;quantity_sub;-38
EVGA 500B 80+ BRONZE;quantity_add;3
delightful peach;quantity_add;29
refined shovel;quantity_add;7
Brother DCP-T510W;quantity_sub;-5
EVGA 500B 80+ BRONZE;price_abs;24211.000000000004
sublime plum;available;False
Kingston Canvas Select Plus;quantity_sub;-1
sublime blackberry;quantity_sub;-18
elegant makeup remover;remove;
superb deodorant;remove;
SteelSeries Arctis 7;available;True
sublime conditioner;quantity_sub;-4
sublime orange;available;True
nice shampoo;quantity_sub;-39
WD Blue HDD;price_abs;7807
superb papaya;remove;
Epson Expression Home XP;quantity_sub;-9
luxurious wallpaper;quantity_sub;-114
beautiful guava;remove;
HP LaserJet Pro;quantity_add;6
attractive plum;quantity_add;108
elegant pineapple;available;False
sublime insulation;remove;
marvelous body wash;remove;
luxurious strawberry;price_abs;-5
stylish blueberry;available;True
delightful electrical;available;True
Canon PIXMA;remove;
gorgeous nail file;quantity_sub;-95
sublime kiwifruit;price_abs;12
refined cranberry;quantity_sub;-102
pleasant night cream;quantity_sub;-47
exquisite axe;remove;
marvelous plum;quantity_add;105
amazing perfume;quantity_sub;-141
attractive guava;quantity_sub;-105
gorgeous scaffolding;quantity_sub;-131
attractive doors;price_percent;0.1
glamorous orange;price_abs;-2
WD Blue HDD;quantity_add;7
nice shampoo;price_percent;-0.04
amazing bubble bath;available;True
Samsung 970 EVO SSD;quantity_sub;-8
Logitech Wireless Keyboard;quantity_add;9
elegant makeup remover;quantity_sub;-39
pleasant boysenberry;available;True
attractive kiwifruit;quantity_add;98
sublime electrical;price_abs;101.629
pleasant face wash;price_percent;0.16
luxurious toner;price_percent;-0.17
glamorous glue;price_percent;-0.05
stylish strawberry;remove;
magnificent toothpaste;price_abs;-2
delightful conditioner;price_percent;-0.02
gorgeous nail file;remove;
magnificent scaffolding;quantity_sub;-72
WD Blue HDD;available;False
marvelous screws;quantity_sub;-37
elegant pedicure set;quantity_add;121
Samsung 970 EVO SSD;quantity_add;2
Kingston Canvas Select Plus;available;False
luxurious saw;remove;
exquisite perfume;price_percent;-0.1
beautiful deodorant;available;True
beautiful cherry;available;False
elegant pineapple;price_abs;7
tasteful scaffolding;available;True
elegant facial cleanser;price_percent;-0.2
SteelSeries Arctis 7;quantity_add;1
exquisite baby shampoo;price_percent;-0.01
attractive guava;available;False
SteelSeries Arctis 7;price_percent;-0.04
HP LaserJet Pro;available;True
beautiful moustache wax;quantity_add;62
marvelous plum;price_percent;0.2
pleasant plumbing;price_abs;5
attractive nails;remove;
amazing bubble bath;price_abs;9
beautiful moustache wax;quantity_add;73
luxurious cherry;remove;
Canon PIXMA;price_abs;-6189
Brother DCP-T510W;quantity_add;4
marvelous screws;quantity_add;9
nice shampoo;quantity_sub;-71
refined shovel;quantity_sub;-76
beautiful level;quantity_sub;-116
pleasant night cream;remove;
elegant pedicure set;price_abs;-2
attractive plum;price_abs;-1
SteelSeries Arctis 7;quantity_sub;-2
tasteful saw;available;True
luxurious strawberry;price_abs;5
amazing doors;price_abs;15
refined tile;remove;
amazing tape measure;price_percent;-0.02
superb papaya;price_abs;15.411000000000001
SteelSeries Arctis 7;available;True
amazing bubble bath;price_abs;-12
beautiful tape measure;remove;
glamorous glue;price_abs;-3
gorgeous nail file;quantity_sub;-29
sublime insulation;quantity_sub;-136
sublime kiwifruit;remove;
magnificent scaffolding;available;True
sublime insulation;remove;
delightful bubble bath;quantity_sub;-19
pretty peach;quantity_add;104
refined cranberry;quantity_add;121
pretty boysenberry;quantity_sub;-8
sublime kiwifruit;quantity_add;85
HP LaserJet Pro;price_percent;0.12
luxurious cherry;price_percent;-0.05
magnificent toothpaste;quantity_sub;-40
magnificent scaffolding;price_percent;-0.13
EVGA 500B 80+ BRONZE;price_abs;-1045
tasteful moisturizer;price_abs;-1
marvelous windows;quantity_sub;-40
luxurious cherry;quantity_add;1
magnificent scaffolding;price_percent;0.2
delightful electrical;available;True
beautiful cherry;price_abs;11
Intel Core i5;quantity_sub;-2
elegant pedicure set;quantity_sub;-24
refined tile;available;False
amazing siding;remove;
sublime conditioner;remove;
sublime conditioner;quantity_sub;-78
elegant melon;available;True
NVIDIA GeForce GTX 1050;price_abs;-2081
HyperX DDR4 RAM;price_percent;0.12
Razer Variau;quantity_add;1
exquisite roofing;quantity_add;58
glamorous glue;price_abs;-8
beautiful deodorant;quantity_add;24
elegant makeup remover;quantity_sub;-114
WD Blue HDD;price_abs;3934
Logitech Wireless Keyboard;price_percent;-0.11
beautiful moustache wax;quantity_add;16
superb body wash;quantity_sub;-14
SteelSeries Arctis 7;available;True
marvelous hair mask;price_abs;3
attractive doors;available;True
luxurious cherry;remove;
elegant pedicure set;quantity_add;35
beautiful tape measure;remove;
marvelous screws;price_percent;-0.04
Samsung 970 EVO SSD;remove;
elegant wheelbarrow;available;True
EVGA 500B 80+ BRONZE;price_percent;0.14
SteelSeries Arctis 7;price_percent;0.02
Epson Expression Home XP;price_percent;-0.18
Samsung 970 EVO SSD;quantity_add;7
Brother DCP-T510W;quantity_sub;-4
Intel Core i5;quantity_sub;-6
EVGA 500B 80+ BRONZE;price_abs;-164
tasteful drywall;price_percent;0.0
pleasant cherry;available;True
pretty boysenberry;price_percent;0.17
nice cranberry;price_abs;-9
Corsair HS60;price_abs;4559
stylish blueberry;price_percent;0.03
Ricoh Aficio MP;price_percent;-0.03
nice shampoo;price_percent;-0.06
Canon PIXMA;remove;
stylish hair mask;remove;
luxurious cherry;quantity_add;56
marvelous plum;price_percent;0.06
Epson Expression Home XP;available;True
Ricoh Aficio MP;quantity_sub;-4
luxurious wallpaper;remove;
Brother DCP-T510W;quantity_sub;-3
luxurious paint;price_percent;-0.01
refined tile;price_abs;-4
elegant melon;available;True
exquisite baby shampoo;price_percent;0.05
delightful scaffolding;available;False
magnificent peach;price_abs;40.18300000000001
amazing ladder;quantity_add;54
exquisite baby shampoo;remove;
beautiful cherry;quantity_sub;-74
tasteful kiwifruit;available;False
marvelous hair mask;price_abs;-2
glamorous glue;price_percent;-0.15
sublime orange;remove;
magnificent scaffolding;remove;
Razer Variau;price_percent;0.17
elegant wheelbarrow;available;True
beautiful blueberry;available;True
sublime doors;remove;
superb deodorant;price_percent;-0.11
Samsung 970 EVO SSD;remove;
EVGA 500B 80+ BRONZE;price_percent;-0.03
WD Blue HDD;quantity_sub;-10
Canon PIXMA;price_abs;-2001
glamorous screws;available;True
delightful scaffolding;quantity_add;67
Razer Variau;price_abs;4241
tasteful drywall;price_abs;2
nice toothpaste;price_abs;-1
beautiful mango;available;False
tasteful orange;quantity_add;169
pleasant plumbing;price_abs;51.513000000000005
EVGA 500B 80+ BRONZE;price_percent;-0.15
HP LaserJet Pro;quantity_add;4
magnificent toothpaste;quantity_sub;-99
elegant wheelbarrow;quantity_add;36
EVGA 500B 80+ BRONZE;remove;
sublime orange;quantity_sub;-102
Samsung 970 EVO SSD;quantity_add;2
sublime doors;available;True
Epson Expression Home XP;remove;
superb body wash;available;False
delightful peach;quantity_sub;-60
Canon PIXMA;price_abs;10238
AMD Ryzen 5;price_percent;0.16
refined cranberry;price_percent;0.14
HyperX DDR4 RAM;price_percent;-0.07
SteelSeries Arctis 7;price_percent;0.0
exquisite perfume;available;False
elegant facial cleanser;remove;
Samsung 970 EVO SSD;quantity_sub;-9
stylish blueberry;remove;
luxurious boysenberry;available;True
elegant deodorant;price_percent;-0.17
luxurious wallpaper;price_percent;0.07
Epson Expression Home XP;price_percent;0.06
tasteful drywall;remove;
superb papaya;remove;
Samsung 970 EVO SSD;price_percent;-0.12
glamorous glue;quantity_add;109
beautiful tape measure;price_abs;82.87400000000001
Brother DCP-T510W;price_percent;-0.19
HP LaserJet Pro;quantity_sub;-3
refined tile;available;False
refined doors;quantity_add;15
magnificent scaffolding;available;True
luxurious saw;price_percent;-0.06
sublime orange;price_percent;0.03
attractive nails;available;True
EVGA 500B 80+ BRONZE;remove;
pleasant serum;price_percent;-0.13
nice shampoo;available;True
AMD Ryzen 5;available;True
amazing perfume;remove;
attractive plum;quantity_add;72
Samsung 970 EVO SSD;price_percent;0.15
magnificent hair mask;remove;
tasteful chisel;quantity_add;55
nice toothpaste;price_percent;0.07
marvelous windows;quantity_add;65
attractive kiwifruit;quantity_sub;-28
pretty boysenberry;available;False
Epson Expression Home XP;quantity_sub;-7
glamorous glue;available;False
Brother DCP-T510W;available;True
beautiful blackberry;quantity_sub;-3
Samsung 970 EVO SSD;quantity_add;7
Samsung 970 EVO SSD;price_percent;-0.1
Intel Core i5;price_abs;85004.70000000001
stylish raspberry;remove;
Logitech Wireless Keyboard;price_percent;-0.08
delightful scaffolding;price_percent;0.04
tasteful moisturizer;price_percent;0.2
glamorous screws;quantity_sub;-23
sublime insulation;quantity_sub;-149
gorgeous scaffolding;quantity_add;47
luxurious toner;remove;
amazing tape measure;price_percent;0.13
sublime orange;quantity_sub;-104
luxurious toner;available;True
exquisite moisturizer;quantity_sub;-1
EVGA 500B 80+ BRONZE;available;False
elegant deodorant;quantity_add;98
gorgeous nails;price_percent;0.09
elegant moustache wax;quantity_add;40
amazing ladder;price_abs;1
Corsair HS60;available;False
elegant melon;quantity_add;115
SteelSeries Arctis 7;price_percent;0.08
pleasant plumbing;quantity_sub;-28
gorgeous melon;available;True
NVIDIA GeForce GTX 1050;remove;
sublime insulation;price_percent;-0.06
luxurious wheelbarrow;available;False
exquisite perfume;remove;
Logitech Wireless Keyboard;price_abs;1208
luxurious baseboard;quantity_add;76
luxurious wheelbarrow;available;True
tasteful chisel;price_abs;7
amazing siding;available;False
EVGA 500B 80+ BRONZE;price_percent;0.14
luxurious strawberry;quantity_add;53
Canon PIXMA;price_abs;6225
luxurious paint;price_abs;16
Canon PIXMA;remove;
sublime electrical;price_abs;2
glamorous orange;price_percent;-0.09
stylish raspberry;quantity_add;39
marvelous wheelbarrow;price_abs;-2
Canon PIXMA;price_percent;0.2
beautiful shampoo;quantity_sub;-162
elegant pedicure set;price_abs;5
attractive nails;available;True
amazing doors;quantity_sub;-71
nice shampoo;quantity_add;100
EVGA 500B 80+ BRONZE;quantity_sub;-1
Canon PIXMA;price_abs;10737
luxurious boysenberry;price_percent;-0.19
pleasant nail file;available;True
pleasant plumbing;price_percent;0.14
elegant moustache wax;quantity_add;129
stylish shovel;price_percent;0.19
amazing siding;available;False
luxurious strawberry;quantity_add;1
pleasant plumbing;quantity_sub;-74
tasteful scaffolding;quantity_add;21
magnificent hair mask;remove;
exquisite roofing;price_abs;-10
tasteful chisel;remove;
attractive plum;price_abs;0
Samsung 970 EVO SSD;available;True
glamorous screws;quantity_add;3
amazing tape measure;price_abs;-4
sublime electrical;available;False
tasteful wheelbarrow;quantity_sub;-32
luxurious flooring;remove;
exquisite perfume;price_abs;6
Canon PIXMA;price_percent;0.06
luxurious cranberry;remove;
EVGA 500B 80+ BRONZE;price_abs;-3034
elegant cranberry;price_percent;-0.2
tasteful orange;available;True
amazing bubble bath;price_percent;-0.2
sublime insulation;price_percent;0.05
elegant deodorant;price_abs;-4
Canon PIXMA;remove;
tasteful drywall;price_percent;-0.14
EVGA 500B 80+ BRONZE;available;True
attractive nails;quantity_add;80
marvelous nail file;remove;
nice saw;quantity_add;111
refined doors;available;True
amazing tape measure;available;False
Kingston Canvas Select Plus;price_percent;0.06
magnificent toothpaste;price_percent;0.07
tasteful wheelbarrow;quantity_sub;-109
elegant moustache wax;quantity_add;100
Logitech Wireless Keyboard;price_percent;0.19
refined shampoo;price_percent;0.01
trendy trim;price_abs;2
tasteful saw;quantity_sub;-131
attractive windows;remove;
exquisite perfume;available;True
marvelous wheelbarrow;quantity_sub;-11
amazing tape measure;available;False
gorgeous exfoliator;price_abs;93.896
SteelSeries Arctis 7;price_abs;2720
attractive guava;remove;
NVIDIA GeForce GTX 1050;quantity_add;2
magnificent insulation;remove;
tasteful drywall;available;True
luxurious cranberry;price_percent;0.09
superb deodorant;remove;
amazing perfume;price_percent;0.15
HP LaserJet Pro;quantity_add;9
Logitech Wireless Keyboard;price_percent;-0.15
gorgeous nails;remove;
pleasant face wash;available;False
Kingston Canvas Select Plus;remove;
gorgeous nail file;available;False
trendy hammer;remove;
marvelous wheelbarrow;available;False
luxurious wheelbarrow;quantity_sub;-41
stylish hair mask;quantity_sub;-64
tasteful saw;price_abs;100.54000000000002
exquisite roofing;quantity_add;21
luxurious cranberry;price_percent;-0.1
Samsung 970 EVO SSD;available;False
delightful moisturizer;price_abs;-1
Logitech Wireless Keyboard;quantity_sub;-1
stylish shovel;price_abs;1
beautiful moustache wax;price_percent;0.1
Samsung 970 EVO SSD;remove;
beautiful blackberry;remove;
delightful peach;available;False
marvelous wheelbarrow;price_percent;0.14
luxurious toothpaste;quantity_sub;-134
HyperX DDR4 RAM;available;True
magnificent hair mask;remove;
sublime conditioner;remove;
magnificent peach;price_percent;0.08
marvelous wheelbarrow;price_abs;3
Intel Core i5;price_percent;-0.09
delightful electrical;remove;
amazing perfume;quantity_sub;-90
refined shampoo;price_percent;0.0
exquisite trim;price_abs;62.502
elegant pineapple;available;True
amazing tape measure;quantity_sub;-50
nice saw;quantity_sub;-139
gorgeous scaffolding;quantity_add;4
EVGA 500B 80+ BRONZE;price_abs;-2535
marvelous windows;price_percent;0.1
delightful peach;quantity_sub;-20
beautiful flooring;quantity_add;114
magnificent peach;available;False
HP LaserJet Pro;price_abs;-3546
pretty plum;remove;
sublime insulation;price_percent;0.1
Canon PIXMA;price_percent;0.13
luxurious cranberry;price_abs;-15
elegant pedicure set;available;False
superb glue;quantity_add;98
trendy trim;quantity_sub;-30
refined tile;quantity_sub;-95
elegant pedicure set;remove;
luxurious cherry;price_abs;100.19900000000001
tasteful orange;price_abs;2
elegant facial cleanser;quantity_sub;-63
luxurious boysenberry;quantity_sub;-50
Intel Core i5;quantity_add;3
tasteful chisel;available;True
refined shampoo;price_abs;-1
Intel Core i5;price_abs;5886
pretty peach;price_percent;-0.03
beautiful glue;price_percent;0.04
luxurious paint;quantity_add;46
magnificent hair mask;quantity_sub;-39
exquisite perfume;quantity_add;67
AMD Ryzen 5;available;True
tasteful saw;quantity_sub;-58
pretty peach;remove;
Logitech Wireless Keyboard;price_percent;-0.06
beautiful cherry;available;True
refined shampoo;remove;
amazing siding;remove;
magnificent peach;price_percent;-0.12
exquisite baby shampoo;quantity_sub;-79
elegant makeup remover;price_percent;0.15
SteelSeries Arctis 7;price_abs;-2152
stylish blueberry;remove;
sublime electrical;available;True
sublime doors;price_abs;-1
pretty peach;price_percent;0.07
tasteful scaffolding;price_abs;12
AMD Ryzen 5;price_percent;0.01
sublime kiwifruit;quantity_sub;-64
marvelous body wash;available;True
nice cranberry;remove;
Epson Expression Home XP;remove;
beautiful guava;quantity_add;67
delightful blackberry;quantity_sub;-57
Samsung 970 EVO SSD;price_abs;42462.200000000004
elegant makeup remover;quantity_add;15
attractive guava;quantity_sub;-70
exquisite baby shampoo;quantity_add;102
refined cranberry;price_abs;5
amazing siding;price_percent;-0.11
Samsung 970 EVO SSD;remove;
luxurious wallpaper;remove;
amazing tape measure;available;True
Epson Expression Home XP;quantity_add;5
AMD Ryzen 5;quantity_add;7
amazing doors;quantity_add;8
tasteful orange;available;False
Logitech Wireless Keyboard;quantity_sub;-2
elegant facial cleanser;available;False
AMD Ryzen 5;price_abs;-7638
attractive kiwifruit;available;False
WD Blue HDD;quantity_add;3
superb glue;price_percent;0.04
SteelSeries Arctis 7;quantity_add;2
attractive guava;price_percent;-0.03
amazing bubble bath;quantity_add;59
superb body wash;quantity_sub;-54
superb body wash;remove;
gorgeous scaffolding;quantity_add;26
beautiful deodorant;available;True
delightful conditioner;price_abs;-3
sublime orange;price_abs;-1
Canon PIXMA;price_percent;-0.03
WD Blue HDD;price_abs;-1427
tasteful orange;remove;
HP LaserJet Pro;available;True
marvelous wheelbarrow;price_percent;0.17
trendy trim;quantity_add;26
superb glue;remove;
pleasant nail file;price_abs;1
Logitech Wireless Keyboard;remove;
elegant facial cleanser;quantity_sub;-161
refined tile;quantity_add;129
exquisite eye cream;remove;
magnificent toothpaste;quantity_sub;-61
sublime blackberry;quantity_sub;-58
Epson Expression Home XP;available;False
amazing siding;available;True
Brother DCP-T510W;quantity_add;1
luxurious boysenberry;quantity_add;92
Logitech Wireless Keyboard;price_abs;-6802
EVGA 500B 80+ BRONZE;quantity_sub;-4
EVGA 500B 80+ BRONZE;price_abs;4195
refined cranberry;quantity_sub;-137
pleasant plumbing;remove;
Samsung 970 EVO SSD;price_percent;-0.15
delightful conditioner;quantity_sub;-102
amazing bubble bath;price_percent;-0.17
tasteful saw;remove;
exquisite roofing;price_abs;9
superb glue;price_percent;-0.18
Logitech Wireless Keyboard;price_abs;10868
pleasant face wash;quantity_add;172
nice cranberry;quantity_sub;-87
marvelous hair mask;price_percent;0.09
Samsung 970 EVO SSD;available;True
tasteful kiwifruit;remove;
sublime orange;quantity_sub;-127
marvelous plum;available;False
luxurious baseboard;price_percent;0.07
elegant pedicure set;price_percent;0.15
trendy blackberry;remove;
attractive nails;remove;
superb trim;price_abs;4
Intel Core i5;remove;
marvelous nail file;price_percent;-0.17
Corsair HS60;price_percent;-0.1
exquisite trim;remove;
stylish strawberry;price_abs;16
exquisite perfume;available;False
luxurious strawberry;price_percent;0.06
gorgeous melon;quantity_add;39
sublime conditioner;remove;
delightful moisturizer;remove;
tasteful orange;price_abs;-5
beautiful guava;quantity_add;70
marvelous plum;quantity_add;47
beautiful tape measure;available;False
luxurious wallpaper;remove;
stylish shovel;price_percent;0.1
sublime electrical;quantity_add;54
refined shampoo;quantity_add;103
exquisite perfume;price_abs;-6
exquisite trim;price_percent;0.13
sublime conditioner;remove;
Samsung 970 EVO SSD;quantity_add;3
refined shampoo;quantity_sub;-119
SteelSeries Arctis 7;quantity_add;6
sublime conditioner;quantity_sub;-74
amazing siding;remove;
stylish blueberry;price_percent;0.14
exquisite trim;price_percent;-0.2
elegant moustache wax;quantity_add;51
pleasant plumbing;quantity_sub;-36
refined shampoo;quantity_sub;-80
EVGA 500B 80+ BRONZE;remove;
Samsung 970 EVO SSD;price_percent;-0.02
tasteful chisel;remove;
trendy trim;price_percent;-0.16
exquisite eye cream;quantity_add;28
attractive doors;price_percent;-0.13
Epson Expression Home XP;price_percent;-0.2
luxurious strawberry;price_abs;-5
Razer Variau;quantity_add;2
elegant pedicure set;quantity_sub;-130
delightful moisturizer;remove;
Epson Expression Home XP;price_percent;0.18
superb deodorant;price_abs;8
Logitech Wireless Keyboard;price_abs;5647
elegant pineapple;quantity_sub;-48
HyperX DDR4 RAM;available;False
luxurious toner;available;True
amazing tape measure;price_abs;29.524
HP LaserJet Pro;price_percent;0.16
luxurious strawberry;remove;
elegant cranberry;price_percent;-0.13
refined doors;remove;
beautiful blackberry;price_abs;-13
luxurious cranberry;quantity_add;49
tasteful screws;available;True
magnificent toothpaste;price_abs;6
marvelous nail file;remove;
Kingston Canvas Select Plus;quantity_add;2
refined shovel;price_abs;-4
EVGA 500B 80+ BRONZE;quantity_add;2
SteelSeries Arctis 7;quantity_sub;-2
gorgeous facial cleanser;quantity_sub;-79
exquisite perfume;quantity_add;94
trendy hammer;price_percent;0.15
delightful electrical;quantity_add;69
sublime kiwifruit;available;True
marvelous wheelbarrow;remove;
delightful scaffolding;quantity_sub;-66
elegant facial cleanser;remove;
sublime kiwifruit;available;True
tasteful strawberry;price_abs;2
nice saw;quantity_sub;-147
tasteful orange;remove;
Epson Expression Home XP;price_percent;-0.08
pretty boysenberry;price_percent;0.09
Intel Core i5;quantity_add;1
superb glue;price_abs;14
Samsung 970 EVO SSD;price_percent;-0.19
gorgeous nail file;price_percent;0.08
beautiful shampoo;price_abs;-2
attractive kiwifruit;price_percent;-0.01
sublime electrical;price_percent;-0.19
WD Blue HDD;price_percent;-0.02
pleasant face wash;quantity_sub;-173
tasteful strawberry;price_abs;21.978
Razer Variau;quantity_add;6
luxurious wallpaper;available;True
tasteful scaffolding;remove;
HP LaserJet Pro;quantity_add;7
tasteful moisturizer;quantity_sub;-5
amazing bubble bath;quantity_sub;-28
pretty boysenberry;quantity_sub;-33
beautiful level;quantity_sub;-66
pleasant plumbing;available;True
refined cranberry;price_percent;0.14
superb papaya;quantity_sub;-17
pretty peach;price_percent;0.15
Canon PIXMA;available;True
refined shampoo;price_abs;-12
refined tile;price_abs;-8
trendy hammer;quantity_sub;-56
superb glue;remove;
Canon PIXMA;price_abs;64290.600000000006
beautiful mango;remove;
pretty plum;remove;
refined shampoo;price_percent;0.18
tasteful moisturizer;quantity_add;38
elegant pedicure set;available;False
magnificent peach;remove;
tasteful scaffolding;quantity_sub;-177
luxurious flooring;price_abs;-1
marvelous wheelbarrow;price_abs;-3
exquisite perfume;price_percent;-0.06
marvelous screws;price_percent;0.07
attractive doors;available;False
sublime electrical;quantity_sub;-157
elegant makeup remover;available;True
Ricoh Aficio MP;available;True
elegant melon;remove;
Samsung 970 EVO SSD;quantity_add;6
beautiful blackberry;price_abs;-4
amazing bubble bath;quantity_sub;-81
elegant pedicure set;quantity_add;113
beautiful blueberry;remove;
magnificent peach;remove;
beautiful shampoo;price_abs;11
elegant pineapple;price_abs;0
refined shampoo;price_abs;11
delightful cranberry;remove;
NVIDIA GeForce GTX 1050;quantity_add;2
trendy nails;available;True
Ricoh Aficio MP;remove;
Samsung 970 EVO SSD;remove;
marvelous nail file;price_abs;9
pleasant nail file;price_abs;87.58200000000001
sublime blackberry;remove;
sublime doors;quantity_add;138
SteelSeries Arctis 7;price_percent;0.07
sublime plum;remove;
stylish shovel;quantity_sub;-152
Brother DCP-T510W;remove;
EVGA 500B 80+ BRONZE;quantity_sub;-5
luxurious wheelbarrow;remove;
HP LaserJet Pro;quantity_add;2
beautiful deodorant;available;False
elegant melon;quantity_sub;-136
elegant wheelbarrow;quantity_sub;-78
tasteful orange;price_percent;-0.09
superb trim;remove;
attractive nails;available;False
SteelSeries Arctis 7;available;False
Canon PIXMA;price_percent;0.07
Razer Variau;remove;
exquisite baby shampoo;price_percent;-0.05
Samsung 970 EVO SSD;available;True
Intel Core i5;available;False
EVGA 500B 80+ BRONZE;quantity_add;9
exquisite baby shampoo;available;True
Brother DCP-T510W;remove;
luxurious cranberry;available;True
exquisite moisturizer;available;False
marvelous body wash;quantity_sub;-21
exquisite perfume;price_abs;7
beautiful shampoo;quantity_add;136
EVGA 500B 80+ BRONZE;price_abs;81384.6
marvelous plumbing;remove;
EVGA 500B 80+ BRONZE;remove;
exquisite trim;available;True
amazing perfume;remove;
Canon PIXMA;quantity_add;6
exquisite roofing;price_percent;-0.1
refined tile;quantity_sub;-13
pleasant nail file;quantity_add;33
luxurious boysenberry;price_abs;4
pleasant face wash;quantity_sub;-16
stylish moustache wax;price_percent;-0.2
magnificent peach;available;False
tasteful drywall;remove;
Canon PIXMA;quantity_add;1
exquisite roofing;price_abs;-8
Kingston Canvas Select Plus;quantity_add;2
Epson Expression Home XP;available;False
EVGA 500B 80+ BRONZE;price_abs;-12812
beautiful flooring;available;False
Epson Expression Home XP;price_percent;-0.13
tasteful orange;price_percent;0.19
HyperX DDR4 RAM;price_percent;0.14
delightful cherry;remove;
luxurious paint;available;True
Brother DCP-T510W;price_percent;0.01
attractive guava;available;False
delightful electrical;remove;
attractive guava;price_abs;0
exquisite baby shampoo;price_percent;0.0
EVGA 500B 80+ BRONZE;price_percent;-0.17
Samsung 970 EVO SSD;quantity_sub;-8
elegant electrical;available;False
superb glue;available;True
HyperX DDR4 RAM;remove;
exquisite moisturizer;quantity_add;45
stylish strawberry;price_percent;-0.08
magnificent peach;remove;
tasteful wheelbarrow;price_percent;0.15
gorgeous peach;quantity_sub;-108
superb deodorant;remove;
marvelous windows;quantity_sub;-49
Canon PIXMA;quantity_add;2
amazing siding;remove;
beautiful deodorant;quantity_add;25
amazing siding;price_percent;0.14
tasteful orange;price_abs;4
superb trim;price_percent;0.0
glamorous screws;price_abs;4
luxurious saw;available;True
attractive guava;quantity_add;101
elegant deodorant;available;True
attractive windows;price_percent;0.17
elegant facial cleanser;remove;
luxurious flooring;available;False
exquisite roofing;quantity_add;84
SteelSeries Arctis 7;quantity_add;8
sublime blackberry;price_percent;-0.15
gorgeous facial cleanser;price_abs;14
Intel Core i5;remove;
marvelous nail file;quantity_sub;-103
beautiful shampoo;remove;
sublime orange;price_percent;0.1
WD Blue HDD;quantity_add;2
beautiful deodorant;remove;
beautiful mango;quantity_add;105
Samsung 970 EVO SSD;available;True
tasteful screws;quantity_sub;-101
delightful moisturizer;quantity_add;92
luxurious baseboard;quantity_sub;-50
EVGA 500B 80+ BRONZE;price_abs;3038
Logitech Wireless Keyboard;available;True
Epson Expression Home XP;quantity_add;5
exquisite moisturizer;price_percent;-0.16
exquisite roofing;price_abs;-7
gorgeous nail file;price_abs;-17
glamorous glue;price_abs;8
stylish blueberry;available;False
HyperX DDR4 RAM;quantity_add;6
stylish moustache wax;quantity_add;98
magnificent deodorant;quantity_sub;-110
marvelous windows;available;False
exquisite moisturizer;price_abs;-1
Epson Expression Home XP;quantity_add;2
Epson Expression Home XP;price_percent;-0.11
EVGA 500B 80+ BRONZE;quantity_sub;-4
Epson Expression Home XP;price_percent;0.11
elegant cranberry;quantity_sub;-25
pleasant face wash;quantity_sub;-29
NVIDIA GeForce GTX 1050;available;True
gorgeous nails;price_abs;5
Corsair HS60;available;True
SteelSeries Arctis 7;quantity_add;5
magnificent lip balm;price_abs;3
beautiful mango;available;False
Epson Expression Home XP;available;True
marvelous body wash;available;True
nice shampoo;quantity_add;94
superb body wash;available;False
luxurious saw;remove;
exquisite eye cream;quantity_add;103
pretty level;available;True
elegant pineapple;price_abs;10
exquisite glue;remove;
refined doors;remove;
stylish strawberry;remove;
superb deodorant;price_abs;10
luxurious cherry;price_percent;0.12
sublime plum;quantity_add;27
NVIDIA GeForce GTX 1050;price_abs;-1301
attractive plum;quantity_sub;-96
marvelous plum;quantity_sub;-76
luxurious boysenberry;available;False
beautiful guava;price_abs;4
delightful peach;remove;
Samsung 970 EVO SSD;price_percent;0.11
Samsung 970 EVO SSD;remove;
exquisite glue;quantity_add;78
gorgeous facial cleanser;price_percent;0.18
tasteful moisturizer;quantity_add;160
elegant melon;remove;
EVGA 500B 80+ BRONZE;available;False
tasteful scaffolding;quantity_sub;-48
Epson Expression Home XP;quantity_add;8
sublime insulation;available;False
amazing ladder;available;True
Logitech Wireless Keyboard;price_abs;-2008
tasteful chisel;quantity_add;70
attractive nails;quantity_add;4
sublime blackberry;remove;
beautiful flooring;quantity_sub;-112
elegant facial cleanser;price_abs;0
magnificent toothpaste;price_percent;0.08
Razer Variau;remove;
beautiful mango;quantity_add;38
Epson Expression Home XP;available;True
exquisite perfume;quantity_add;92
EVGA 500B 80+ BRONZE;remove;
Epson Expression Home XP;remove;
Samsung 970 EVO SSD;quantity_add;7
marvelous nail file;price_abs;-3
beautiful cherry;price_abs;-6
marvelous windows;price_abs;58.377
pretty level;price_percent;-0.01
Ricoh Aficio MP;available;True
Canon PIXMA;price_abs;264
trendy trim;remove;
marvelous screws;quantity_sub;-2
beautiful blueberry;quantity_sub;-37
superb body wash;price_percent;0.05
marvelous hair mask;available;True
pleasant shovel;available;True
delightful bubble bath;quantity_sub;-121
beautiful moustache wax;quantity_add;34
Intel Core i5;price_percent;0.2
trendy trim;price_abs;3
Kingston Canvas Select Plus;quantity_add;2
magnificent scaffolding;price_percent;0.04
Logitech Wireless Keyboard;quantity_add;2
pretty peach;quantity_sub;-173
delightful conditioner;quantity_add;44
NVIDIA GeForce GTX 1050;quantity_sub;-4
exquisite roofing;available;False
refined cranberry;remove;
amazing bubble bath;quantity_add;9
delightful bubble bath;price_percent;0.09
delightful moisturizer;quantity_sub;-33
sublime electrical;quantity_sub;-77
pleasant face wash;price_abs;11
amazing ladder;price_abs;-1
EVGA 500B 80+ BRONZE;available;False
attractive plum;remove;
delightful conditioner;price_percent;-0.06
EVGA 500B 80+ BRONZE;quantity_sub;-2
delightful moisturizer;price_abs;7
Samsung 970 EVO SSD;remove;
amazing doors;remove;
NVIDIA GeForce GTX 1050;remove;
exquisite glue;available;True
Intel Core i5;quantity_sub;-2
Samsung 970 EVO SSD;available;False
NVIDIA GeForce GTX 1050;price_percent;-0.05
delightful bubble bath;available;True
nice shampoo;quantity_sub;-68
Samsung 970 EVO SSD;price_percent;0.18
beautiful moustache wax;available;True
luxurious strawberry;price_abs;4
superb body wash;price_percent;0.12
AMD Ryzen 5;price_percent;-0.05
magnificent hair mask;available;True
nice cranberry;remove;
nice toothpaste;price_abs;-2
stylish blueberry;remove;
beautiful shampoo;price_abs;5
luxurious flooring;available;True
trendy trim;available;False
exquisite roofing;remove;
Razer Variau;quantity_add;2
superb deodorant;price_percent;0.14
luxurious paint;remove;
trendy apple;price_percent;-0.04
magnificent lip balm;available;True
magnificent lip balm;available;True
amazing siding;quantity_sub;-96
HP LaserJet Pro;price_abs;58416.600000000006
beautiful mango;remove;
refined tile;quantity_sub;-80
superb deodorant;price_percent;-0.04
Logitech Wireless Keyboard;quantity_sub;-4
tasteful screws;price_abs;30.448
amazing ladder;price_percent;-0.01
tasteful screws;quantity_add;85
Razer Variau;quantity_add;4
delightful moisturizer;remove;
stylish strawberry;quantity_sub;-47
pleasant face wash;quantity_sub;-46
beautiful level;remove;
pretty boysenberry;price_percent;0.09
trendy trim;remove;
exquisite eye cream;price_abs;-1
Canon PIXMA;quantity_sub;-1
beautiful blueberry;quantity_sub;-5
marvelous nail file;quantity_add;96
gorgeous nails;price_percent;-0.12
AMD Ryzen 5;remove;
Canon PIXMA;quantity_add;8
glamorous screws;remove;
beautiful mango;quantity_sub;-38
nice shampoo;quantity_add;67
beautiful moustache wax;quantity_sub;-6
Epson Expression Home XP;price_percent;-0.04
refined cranberry;quantity_sub;-33
magnificent insulation;price_abs;-5
SteelSeries Arctis 7;remove;
sublime blackberry;quantity_add;6
marvelous plum;price_abs;3
glamorous orange;price_percent;-0.16
Epson Expression Home XP;remove;
glamorous glue;price_percent;0.2
Canon PIXMA;quantity_add;9
superb papaya;quantity_add;130
SteelSeries Arctis 7;quantity_add;10
Brother DCP-T510W;available;True
magnificent peach;price_percent;-0.18
refined doors;available;True
trendy trim;price_percent;-0.02
luxurious toner;quantity_sub;-111
beautiful moustache wax;quantity_add;85
tasteful chisel;quantity_add;55
amazing perfume;price_percent;-0.08
sublime orange;price_percent;-0.18
luxurious strawberry;price_abs;2
pretty level;available;True
trendy blackberry;price_abs;1
pleasant serum;price_abs;3
gorgeous nail file;quantity_add;83
SteelSeries Arctis 7;price_percent;-0.07
Samsung 970 EVO SSD;price_abs;4147
gorgeous nails;quantity_add;159
refined shovel;price_abs;9
nice toothpaste;price_abs;-1
sublime electrical;quantity_sub;-36
tasteful kiwifruit;price_percent;0.0
Corsair HS60;quantity_add;1
delightful conditioner;price_percent;-0.2
elegant wheelbarrow;price_abs;-15
glamorous orange;quantity_add;107
tasteful screws;price_percent;0.17
beautiful shampoo;remove;
pleasant serum;available;False
Samsung 970 EVO SSD;remove;
gorgeous nail file;available;False
magnificent hair mask;remove;
sublime electrical;price_abs;16.181
superb body wash;available;False
pleasant serum;quantity_sub;-136
HyperX DDR4 RAM;price_percent;0.15
delightful cherry;quantity_add;110
attractive nails;price_abs;-1
refined shampoo;remove;
EVGA 500B 80+ BRONZE;price_percent;0.13
elegant pedicure set;remove;
sublime conditioner;price_percent;-0.09
tasteful moisturizer;quantity_sub;-180
Brother DCP-T510W;price_abs;1324
luxurious strawberry;available;True
EVGA 500B 80+ BRONZE;remove;
marvelous nail file;quantity_add;77
Intel Core i5;available;True
trendy hammer;quantity_add;73
exquisite moisturizer;quantity_add;6
Samsung 970 EVO SSD;quantity_sub;-2
exquisite eye cream;price_abs;-3
amazing doors;remove;
magnificent insulation;price_percent;-0.13
tasteful drywall;price_percent;0.1
luxurious baseboard;remove;
glamorous orange;available;False
Intel Core i5;quantity_sub;-1
luxurious cranberry;available;True
pleasant night cream;available;True
NVIDIA GeForce GTX 1050;quantity_add;2
Epson Expression Home XP;price_percent;-0.16
SteelSeries Arctis 7;price_abs;9845
elegant pineapple;quantity_sub;-22
trendy nails;available;True
Intel Core i5;quantity_add;7
trendy nails;quantity_sub;-83
beautiful blackberry;price_abs;1
luxurious cherry;quantity_add;8
elegant pineapple;quantity_add;42
superb papaya;quantity_add;66
luxurious boysenberry;available;False
marvelous plumbing;quantity_add;81
pleasant plumbing;quantity_sub;-58
luxurious boysenberry;quantity_sub;-111
amazing doors;available;True
tasteful screws;remove;
Epson Expression Home XP;price_percent;-0.09
luxurious flooring;remove;
marvelous screws;quantity_add;4
sublime insulation;remove;
SteelSeries Arctis 7;price_abs;298
elegant facial cleanser;price_abs;-1
Samsung 970 EVO SSD;quantity_sub;-3
delightful electrical;quantity_sub;-59
beautiful blueberry;quantity_sub;-77
Canon PIXMA;available;True
sublime blackberry;available;False
pleasant face wash;quantity_sub;-73
EVGA 500B 80+ BRONZE;price_abs;-2400
stylish raspberry;quantity_add;129
SteelSeries Arctis 7;quantity_add;2
trendy apple;quantity_add;81
attractive nails;quantity_add;44
Ricoh Aficio MP;available;True
superb papaya;quantity_sub;-127
elegant pineapple;price_percent;0.17
refined shovel;quantity_sub;-22
superb deodorant;price_percent;-0.11
HyperX DDR4 RAM;price_percent;0.16
luxurious baseboard;price_abs;1
pretty peach;quantity_sub;-1
NVIDIA GeForce GTX 1050;remove;
EVGA 500B 80+ BRONZE;price_percent;0.0
beautiful cherry;quantity_add;109
Logitech Wireless Keyboard;quantity_add;8
beautiful level;quantity_add;103
AMD Ryzen 5;remove;
beautiful mango;price_percent;-0.08
elegant melon;available;True
attractive plum;price_abs;20.284000000000002
WD Blue HDD;price_percent;-0.06
pleasant serum;quantity_sub;-139
WD Blue HDD;price_abs;-609
pleasant boysenberry;remove;
luxurious flooring;remove;
elegant electrical;remove;
elegant moustache wax;remove;
pleasant plumbing;available;True
elegant makeup remover;available;True
tasteful orange;available;True
sublime blackberry;remove;
magnificent peach;quantity_add;4
beautiful deodorant;price_percent;0.07
exquisite glue;quantity_add;102
refined shovel;remove;
luxurious paint;available;True
beautiful shampoo;price_percent;-0.04
sublime doors;quantity_sub;-122
Samsung 970 EVO SSD;quantity_add;1
HP LaserJet Pro;available;False
Epson Expression Home XP;price_abs;5924
stylish raspberry;available;True
elegant facial cleanser;quantity_add;134
pretty peach;remove;
magnificent toothpaste;quantity_sub;-76
EVGA 500B 80+ BRONZE;quantity_sub;-2
tasteful wheelbarrow;price_percent;-0.19
delightful cherry;quantity_add;13
NVIDIA GeForce GTX 1050;price_percent;-0.07
exquisite axe;quantity_sub;-83
elegant facial cleanser;remove;
refined tile;available;True
luxurious wallpaper;price_abs;-16
glamorous screws;remove;
refined shovel;available;True
Samsung 970 EVO SSD;remove;
sublime electrical;available;True
beautiful tape measure;remove;
exquisite trim;quantity_sub;-64
NVIDIA GeForce GTX 1050;remove;
refined shovel;remove;
SteelSeries Arctis 7;available;False
beautiful guava;available;True
superb deodorant;remove;
pretty plum;quantity_add;140
glamorous orange;price_abs;-7
Razer Variau;price_percent;-0.05
Canon PIXMA;remove;
trendy hammer;remove;
AMD Ryzen 5;quantity_sub;-1
amazing doors;quantity_add;61
EVGA 500B 80+ BRONZE;price_abs;59297.700000000004
sublime kiwifruit;quantity_sub;-64
delightful moisturizer;remove;
EVGA 500B 80+ BRONZE;quantity_add;2
beautiful level;price_percent;-0.18
nice cranberry;price_abs;0
beautiful blackberry;remove;
magnificent toothpaste;price_abs;-4
beautiful blackberry;quantity_sub;-81
gorgeous melon;price_abs;3
stylish shovel;quantity_sub;-128
Canon PIXMA;price_abs;-3403
SteelSeries Arctis 7;quantity_sub;-9
glamorous orange;quantity_add;1
pleasant serum;price_abs;107.47000000000001
sublime blackberry;price_percent;-0.03
beautiful glue;price_abs;-4
luxurious saw;available;True
magnificent deodorant;price_percent;0.17
tasteful moisturizer;price_abs;2
marvelous nail file;price_percent;0.01
superb glue;quantity_sub;-7
Canon PIXMA;quantity_sub;-5
beautiful blackberry;quantity_sub;-69
pretty peach;available;True
gorgeous melon;remove;
Razer Variau;price_abs;-2057
trendy trim;quantity_sub;-107
tasteful screws;price_abs;1
sublime insulation;price_percent;-0.17
beautiful cherry;available;True
WD Blue HDD;available;True
magnificent toothpaste;quantity_sub;-18
delightful cherry;available;False
tasteful kiwifruit;price_percent;0.05
HP LaserJet Pro;available;True
sublime insulation;price_abs;4
tasteful saw;remove;
exquisite glue;quantity_sub;-40
amazing siding;available;True
pleasant nail file;available;True
sublime kiwifruit;price_percent;0.01
stylish shovel;price_percent;0.2
beautiful blueberry;remove;
Razer Variau;price_percent;0.05
delightful electrical;price_percent;0.01
Canon PIXMA;quantity_add;1
Logitech Wireless Keyboard;remove;
beautiful tape measure;price_percent;-0.01
nice toothpaste;quantity_sub;-67
Logitech Wireless Keyboard;quantity_sub;-7
magnificent lip balm;remove;
exquisite glue;quantity_sub;-121
Razer Variau;price_percent;0.04
nice shampoo;available;False
tasteful kiwifruit;remove;
Logitech Wireless Keyboard;quantity_sub;-7
luxurious flooring;price_abs;-1
Brother DCP-T510W;price_percent;0.09
sublime blackberry;quantity_add;114
luxurious cherry;price_abs;-4
superb deodorant;quantity_add;56
WD Blue HDD;price_percent;0.01
pleasant cherry;price_percent;-0.04
marvelous screws;remove;
Canon PIXMA;price_percent;0.14
gorgeous nails;price_percent;-0.02
superb glue;quantity_add;92
Epson Expression Home XP;quantity_add;4
Logitech Wireless Keyboard;quantity_sub;-6
beautiful tape measure;price_abs;2
delightful bubble bath;remove;
pleasant plumbing;remove;
elegant facial cleanser;remove;
Kingston Canvas Select Plus;quantity_sub;-1
magnificent toothpaste;quantity_sub;-63
marvelous plum;remove;
SteelSeries Arctis 7;remove;
attractive nails;price_percent;-0.02
superb body wash;available;False
gorgeous nails;quantity_sub;-44
Epson Expression Home XP;quantity_sub;-8
elegant pineapple;quantity_sub;-35
amazing tape measure;remove;
exquisite roofing;quantity_add;104
superb papaya;quantity_sub;-65
WD Blue HDD;price_abs;-8617
luxurious baseboard;remove;
nice shampoo;quantity_add;54
Samsung 970 EVO SSD;quantity_sub;-6
amazing doors;available;False
stylish blueberry;quantity_sub;-113
marvelous screws;quantity_sub;-137
elegant pineapple;price_percent;0.17
AMD Ryzen 5;price_abs;9301
magnificent peach;quantity_sub;-35
EVGA 500B 80+ BRONZE;price_abs;4298
nice toothpaste;price_abs;-1
magnificent toothpaste;remove;
tasteful chisel;available;True
marvelous windows;price_percent;0.04
superb glue;price_abs;79.662
Canon PIXMA;quantity_add;2
exquisite eye cream;quantity_sub;-89
marvelous plumbing;price_percent;-0.01
delightful moisturizer;price_percent;-0.06
stylish blueberry;available;True
amazing doors;quantity_sub;-69
beautiful moustache wax;available;True
beautiful cherry;remove;
gorgeous nails;available;True
EVGA 500B 80+ BRONZE;quantity_sub;-5
marvelous body wash;price_abs;-8
Canon PIXMA;remove;
Kingston Canvas Select Plus;remove;
pleasant shovel;price_abs;-6
Intel Core i5;remove;
attractive plum;remove;
delightful cherry;quantity_sub;-118
luxurious wheelbarrow;quantity_add;145
sublime doors;remove;
luxurious saw;available;False
refined shovel;price_abs;-8
amazing ladder;available;False
exquisite glue;available;True
Ricoh Aficio MP;remove;
Razer Variau;price_percent;0.12
WD Blue HDD;price_abs;66378.40000000001
trendy hammer;price_abs;-3
superb papaya;remove;
magnificent insulation;available;False
EVGA 500B 80+ BRONZE;price_percent;0.1
tasteful wheelbarrow;available;True
luxurious paint;quantity_add;49
trendy trim;price_abs;4
EVGA 500B 80+ BRONZE;remove;
amazing ladder;price_abs;-2
beautiful guava;quantity_sub;-18
exquisite glue;quantity_sub;-44
gorgeous scaffolding;price_abs;40.52400000000001
Canon PIXMA;quantity_sub;-2
Epson Expression Home XP;quantity_sub;-5
elegant pineapple;remove;
SteelSeries Arctis 7;remove;
gorgeous scaffolding;quantity_sub;-123
tasteful drywall;price_percent;-0.04
stylish blueberry;quantity_add;40
Corsair HS60;quantity_add;3
elegant electrical;price_percent;-0.16
Kingston Canvas Select Plus;price_percent;0.19
luxurious wheelbarrow;quantity_add;70
sublime blackberry;price_percent;0.13
exquisite glue;available;False
EVGA 500B 80+ BRONZE;quantity_sub;-10
gorgeous melon;quantity_add;115
exquisite moisturizer;price_percent;0.03
luxurious cherry;quantity_add;147
beautiful moustache wax;price_abs;-2
HyperX DDR4 RAM;quantity_add;4
Ricoh Aficio MP;quantity_sub;-6
pleasant face wash;price_abs;72.655
Brother DCP-T510W;quantity_add;5
luxurious boysenberry;price_abs;-5
beautiful mango;remove;
delightful conditioner;price_percent;-0.14
delightful electrical;remove;
Samsung 970 EVO SSD;price_percent;-0.14
elegant cranberry;quantity_sub;-36
EVGA 500B 80+ BRONZE;quantity_add;6
beautiful shampoo;available;True
magnificent peach;quantity_add;45
sublime electrical;price_percent;-0.11
tasteful wheelbarrow;price_abs;2
superb papaya;quantity_sub;-129
stylish strawberry;available;False
superb glue;remove;
elegant melon;available;True
SteelSeries Arctis 7;quantity_sub;-3
exquisite trim;price_percent;0.12
nice shampoo;price_abs;-13
beautiful deodorant;quantity_sub;-23
beautiful tape measure;quantity_add;68
tasteful wheelbarrow;price_abs;3
pleasant nail file;price_percent;-0.14
Samsung 970 EVO SSD;available;True
Logitech Wireless Keyboard;remove;
pleasant serum;quantity_sub;-66
EVGA 500B 80+ BRONZE;quantity_add;1
magnificent scaffolding;remove;
luxurious strawberry;price_abs;-4
luxurious flooring;available;True
tasteful saw;price_abs;-3
beautiful moustache wax;quantity_add;15
delightful electrical;quantity_add;91
WD Blue HDD;quantity_sub;-3
marvelous wheelbarrow;quantity_add;113
EVGA 500B 80+ BRONZE;available;False
pretty boysenberry;price_abs;0
luxurious flooring;price_abs;-6
exquisite baby shampoo;price_percent;-0.1
beautiful shampoo;quantity_sub;-193
EVGA 500B 80+ BRONZE;quantity_add;8
superb glue;remove;
marvelous screws;available;False
WD Blue HDD;price_percent;-0.09
gorgeous facial cleanser;remove;
EVGA 500B 80+ BRONZE;quantity_add;4
tasteful screws;price_abs;4
gorgeous scaffolding;available;True
Razer Variau;available;True
Samsung 970 EVO SSD;quantity_sub;-4
pretty boysenberry;price_percent;0.19
Canon PIXMA;price_percent;-0.18
pretty peach;quantity_add;2
tasteful screws;remove;
sublime doors;quantity_add;63
Samsung 970 EVO SSD;price_abs;-12816
tasteful scaffolding;price_abs;-5
amazing bubble bath;price_abs;-2
HyperX DDR4 RAM;quantity_sub;-6
Logitech Wireless Keyboard;quantity_sub;-2
marvelous nail file;quantity_sub;-12
trendy hammer;price_abs;-4
delightful blackberry;quantity_sub;-148
luxurious paint;quantity_sub;-115
tasteful screws;quantity_add;107
sublime doors;remove;
EVGA 500B 80+ BRONZE;quantity_sub;-2
luxurious wallpaper;price_abs;-9
Canon PIXMA;remove;
magnificent hair mask;quantity_sub;-152
luxurious cranberry;price_abs;-11
superb deodorant;quantity_add;84
sublime kiwifruit;remove;
sublime conditioner;price_percent;-0.14
Canon PIXMA;quantity_add;1
marvelous screws;remove;
Razer Variau;price_percent;-0.03
Brother DCP-T510W;available;False
exquisite glue;price_abs;1
trendy apple;remove;
SteelSeries Arctis 7;quantity_add;4
luxurious boysenberry;available;False
delightful cherry;available;False
Canon PIXMA;available;True
luxurious wheelbarrow;remove;
tasteful drywall;available;True
refined shovel;remove;
marvelous wheelbarrow;quantity_add;74
magnificent hair mask;remove;
elegant pedicure set;quantity_sub;-87
pleasant serum;available;True
superb papaya;price_percent;0.04
EVGA 500B 80+ BRONZE;remove;
pretty plum;price_abs;11
delightful electrical;available;True
Corsair HS60;quantity_sub;-2
elegant moustache wax;available;True
exquisite roofing;available;True
sublime electrical;price_percent;0.2
EVGA 500B 80+ BRONZE;price_abs;3553
elegant electrical;price_percent;0.1
pretty boysenberry;quantity_sub;-99
pleasant night cream;quantity_add;7
refined tile;available;False
Logitech Wireless Keyboard;remove;
tasteful screws;price_abs;-2
glamorous orange;price_percent;-0.01
superb body wash;quantity_sub;-29
nice shampoo;price_abs;-11
exquisite baby shampoo;quantity_add;39
sublime conditioner;quantity_sub;-89
glamorous orange;price_percent;0.08
amazing ladder;price_percent;0.04
nice toothpaste;available;False
sublime insulation;quantity_sub;-103
Kingston Canvas Select Plus;available;True
refined cranberry;price_percent;-0.01
superb trim;available;True
attractive kiwifruit;price_percent;-0.01
SteelSeries Arctis 7;available;False
magnificent scaffolding;price_abs;-12
attractive nails;quantity_sub;-60
exquisite perfume;quantity_sub;-95
delightful cherry;price_percent;0.18
Razer Variau;quantity_sub;-3
tasteful scaffolding;price_percent;0.09
elegant wheelbarrow;available;False
EVGA 500B 80+ BRONZE;available;True
trendy apple;remove;
tasteful chisel;quantity_add;25
tasteful chisel;quantity_add;91
delightful moisturizer;quantity_add;103
Logitech Wireless Keyboard;available;False
pleasant cherry;price_percent;0.0
amazing tape measure;quantity_sub;-83
Razer Variau;available;True
glamorous glue;available;True
superb deodorant;quantity_add;171
amazing bubble bath;price_abs;-11
delightful cherry;price_abs;-2
nice shampoo;available;False
amazing tape measure;remove;
beautiful blackberry;remove;
refined shovel;price_percent;-0.12
pleasant nail file;remove;
luxurious baseboard;remove;
WD Blue HDD;price_abs;7061
tasteful drywall;remove;
SteelSeries Arctis 7;remove;
refined cranberry;available;True
stylish blueberry;remove;
amazing perfume;price_abs;2
beautiful level;price_abs;28.677000000000003
luxurious boysenberry;price_percent;-0.01
beautiful cherry;quantity_sub;-132
sublime doors;price_abs;16
beautiful deodorant;quantity_add;132
trendy trim;price_percent;0.07
superb body wash;price_percent;-0.03
elegant melon;quantity_add;98
beautiful blueberry;quantity_sub;-111
nice cranberry;remove;
beautiful guava;price_abs;-4
gorgeous melon;price_abs;-1
AMD Ryzen 5;quantity_sub;-7
tasteful saw;remove;
Canon PIXMA;price_abs;-8304
sublime electrical;remove;
marvelous body wash;available;True
marvelous nail file;quantity_sub;-19
beautiful shampoo;available;True
elegant moustache wax;quantity_add;79
sublime conditioner;available;True
pleasant plumbing;quantity_add;32
gorgeous nail file;price_percent;0.03
luxurious saw;price_abs;7
Razer Variau;quantity_add;4
exquisite moisturizer;quantity_sub;-2
attractive plum;quantity_add;65
Logitech Wireless Keyboard;price_percent;0.0
HP LaserJet Pro;price_percent;-0.12
attractive doors;available;True
nice cranberry;quantity_sub;-38
exquisite axe;price_abs;-7
Intel Core i5;quantity_add;2
beautiful guava;price_percent;-0.02
stylish shovel;available;True
SteelSeries Arctis 7;quantity_sub;-14
exquisite moisturizer;price_abs;-2
Kingston Canvas Select Plus;quantity_add;1
pretty peach;remove;
exquisite eye cream;quantity_add;13
marvelous plum;remove;
gorgeous scaffolding;price_abs;-1
sublime orange;price_percent;-0.04
luxurious wallpaper;quantity_add;167
elegant wheelbarrow;quantity_add;20
sublime kiwifruit;quantity_add;16
gorgeous nail file;price_percent;-0.01
superb body wash;quantity_add;98
glamorous screws;remove;
pleasant plumbing;quantity_add;55
exquisite eye cream;quantity_add;19
beautiful glue;available;True
elegant melon;available;False
EVGA 500B 80+ BRONZE;quantity_add;1
magnificent scaffolding;quantity_sub;-189
pretty peach;price_percent;0.16
Epson Expression Home XP;remove;
Logitech Wireless Keyboard;quantity_add;11
superb papaya;quantity_add;110
luxurious flooring;available;True
gorgeous scaffolding;quantity_sub;-142
magnificent hair mask;price_abs;31.372000000000003
tasteful kiwifruit;quantity_sub;-73
marvelous nail file;price_abs;13
marvelous plum;quantity_sub;-99
delightful electrical;remove;
refined tile;price_percent;0.06
beautiful tape measure;quantity_sub;-103
Canon PIXMA;quantity_add;5
exquisite eye cream;price_percent;0.09
Canon PIXMA;remove;
marvelous screws;quantity_sub;-87
glamorous screws;price_percent;-0.02
elegant cranberry;price_percent;-0.1
amazing ladder;price_percent;0.0
sublime blackberry;available;True
exquisite moisturizer;available;False
pleasant plumbing;quantity_sub;-25
superb papaya;remove;
attractive guava;price_abs;4
beautiful flooring;price_percent;0.02
pretty peach;price_abs;4
sublime doors;remove;
marvelous hair mask;price_abs;10
Logitech Wireless Keyboard;price_abs;489
Canon PIXMA;quantity_sub;-3
magnificent hair mask;price_percent;0.02
elegant cranberry;price_percent;-0.16
WD Blue HDD;price_percent;0.15
AMD Ryzen 5;quantity_sub;-1
trendy apple;price_abs;-5
sublime electrical;quantity_sub;-68
stylish strawberry;available;True
delightful bubble bath;price_abs;-7
Brother DCP-T510W;quantity_sub;-2
WD Blue HDD;quantity_sub;-11
magnificent insulation;price_percent;0.05
gorgeous melon;remove;
HyperX DDR4 RAM;quantity_sub;-4
EVGA 500B 80+ BRONZE;available;True
Canon PIXMA;price_abs;218
Logitech Wireless Keyboard;price_percent;0.14
beautiful deodorant;price_percent;0.2
exquisite eye cream;available;True
EVGA 500B 80+ BRONZE;quantity_add;4
EVGA 500B 80+ BRONZE;price_percent;0.15
Epson Expression Home XP;price_abs;6860
sublime orange;remove;
delightful peach;quantity_add;10
luxurious toner;price_percent;-0.16
Razer Variau;available;True
Ricoh Aficio MP;quantity_add;9
attractive windows;price_abs;89.364
Epson Expression Home XP;remove;
tasteful screws;available;True
WD Blue HDD;remove;
attractive kiwifruit;remove;
pretty boysenberry;price_abs;-7
attractive plum;remove;
Samsung 970 EVO SSD;price_percent;0.16
Canon PIXMA;quantity_add;8
superb body wash;available;True
elegant wheelbarrow;quantity_sub;-10
Epson Expression Home XP;quantity_add;2
elegant deodorant;price_abs;10
HP LaserJet Pro;price_percent;0.15
sublime orange;available;False
tasteful moisturizer;quantity_sub;-61
tasteful saw;remove;
beautiful blueberry;remove;
luxurious paint;price_abs;-15
marvelous hair mask;available;True
marvelous plumbing;available;False
Kingston Canvas Select Plus;price_abs;12945
magnificent lip balm;quantity_sub;-118
NVIDIA GeForce GTX 1050;quantity_sub;-6
trendy hammer;available;True
tasteful saw;quantity_add;107
luxurious toner;quantity_sub;-116
trendy hammer;available;True
delightful conditioner;price_abs;9
beautiful deodorant;quantity_add;81
luxurious baseboard;available;True
delightful peach;available;True
marvelous wheelbarrow;quantity_add;29
sublime kiwifruit;price_percent;0.16
Brother DCP-T510W;remove;
superb deodorant;available;True
elegant wheelbarrow;available;True
HyperX DDR4 RAM;price_percent;-0.08
glamorous screws;quantity_add;150
Samsung 970 EVO SSD;available;False
elegant pedicure set;quantity_sub;-73
EVGA 500B 80+ BRONZE;quantity_add;2
Kingston Canvas Select Plus;price_abs;9321
Epson Expression Home XP;remove;
sublime blackberry;available;True
pretty plum;quantity_sub;-131
Razer Variau;remove;
sublime insulation;available;False
luxurious paint;available;False
NVIDIA GeForce GTX 1050;price_abs;-962
delightful peach;quantity_add;29
trendy hammer;quantity_add;53
glamorous glue;quantity_add;54
exquisite perfume;remove;
Canon PIXMA;price_abs;-1118
attractive nails;available;True
attractive kiwifruit;quantity_add;32
attractive guava;price_percent;0.18
trendy apple;remove;
magnificent insulation;available;False
amazing ladder;quantity_sub;-44
tasteful kiwifruit;price_abs;8
glamorous glue;remove;
Razer Variau;price_percent;0.04
luxurious paint;available;False
SteelSeries Arctis 7;price_percent;0.15
beautiful moustache wax;price_abs;73.04
amazing ladder;price_abs;-1
gorgeous scaffolding;quantity_add;105
elegant moustache wax;available;True
Epson Expression Home XP;price_percent;-0.15
elegant makeup remover;price_percent;-0.08
delightful conditioner;price_percent;0.2
beautiful cherry;quantity_sub;-46
luxurious cherry;price_abs;0
beautiful cherry;price_percent;-0.14
sublime plum;price_percent;-0.12
tasteful chisel;remove;
beautiful shampoo;quantity_add;117
sublime orange;remove;
WD Blue HDD;remove;
marvelous plum;remove;
gorgeous nail file;available;True
exquisite eye cream;remove;
exquisite moisturizer;available;True
marvelous plumbing;price_abs;2
pretty level;quantity_sub;-81
nice toothpaste;price_abs;2
pleasant cherry;quantity_add;83
exquisite baby shampoo;available;False
superb papaya;price_percent;0.17
pleasant shovel;price_percent;-0.2
pretty peach;available;True
luxurious flooring;price_percent;-0.15
attractive nails;quantity_sub;-110
stylish blueberry;remove;
Canon PIXMA;price_abs;10412
trendy apple;price_abs;28.479000000000003
beautiful glue;price_percent;-0.2
beautiful blueberry;remove;
Epson Expression Home XP;price_percent;0.05
tasteful drywall;available;True
Samsung 970 EVO SSD;price_percent;-0.09
pleasant cherry;price_percent;0.12
beautiful flooring;price_percent;0.19
beautiful moustache wax;available;True
beautiful deodorant;available;False
tasteful drywall;price_abs;0
Samsung 970 EVO SSD;price_abs;-16759
SteelSeries Arctis 7;available;True
beautiful blackberry;price_abs;-2
amazing ladder;price_abs;0
luxurious baseboard;price_abs;1
tasteful screws;available;True
refined shampoo;quantity_add;67
luxurious paint;price_percent;-0.11
luxurious wallpaper;remove;
SteelSeries Arctis 7;price_abs;-8574
magnificent toothpaste;quantity_sub;-15
Intel Core i5;quantity_sub;-2
gorgeous scaffolding;price_percent;0.03
delightful blackberry;remove;
SteelSeries Arctis 7;quantity_sub;-8
beautiful cherry;available;False
beautiful guava;price_abs;-4
superb glue;quantity_sub;-74
pretty boysenberry;quantity_sub;-33
SteelSeries Arctis 7;price_percent;0.05
exquisite roofing;available;False
stylish blueberry;quantity_sub;-172
exquisite eye cream;price_abs;2
luxurious paint;quantity_sub;-73
amazing doors;remove;
refined doors;price_percent;0.01
marvelous hair mask;quantity_sub;-20
HyperX DDR4 RAM;available;True
marvelous plum;quantity_sub;-33
delightful bubble bath;quantity_sub;-9
Canon PIXMA;quantity_add;1
Intel Core i5;quantity_add;7
Samsung 970 EVO SSD;remove;
superb glue;quantity_sub;-90
refined shovel;quantity_add;95
tasteful orange;quantity_sub;-133
refined cranberry;available;True
attractive windows;quantity_sub;-5
pretty boysenberry;available;True
elegant pineapple;price_abs;2
WD Blue HDD;quantity_sub;-7
beautiful level;price_percent;-0.19
Samsung 970 EVO SSD;quantity_add;4
amazing doors;quantity_add;96
gorgeous nail file;available;False
trendy nails;quantity_sub;-69
Samsung 970 EVO SSD;price_percent;0.0
luxurious flooring;price_abs;7
NVIDIA GeForce GTX 1050;quantity_add;6
Kingston Canvas Select Plus;quantity_sub;-2
beautiful guava;price_abs;-7
sublime blackberry;available;True
beautiful level;available;True
beautiful moustache wax;remove;
